input,0,2,4,6,8,10,12,14,16,18,20,22
gene 0,-0.8037403842417985,-1.1426559339334972,-1.4469067840548526,-0.9552806844122691,-1.5281886963174189,-2.0566794191868008,-0.76883525209295112,-0.1433890418481818,-0.015369192246773078,-0.51008894595132337,-1.1352088184146247,-0.92737841347698502
gene 0,-2.1526220001586158,-1.1945365690139664,-0.96374919716834317,-0.72127039267665616,-1.0215578496376465,-1.0730201349146899,-0.52305173094378987,-1.8528079111042279,-0.74045084946697837,-0.15160710286339232,0.32749829409499454,-0.5729074720562447
gene 0,-1.1945520153817806,-1.397024368902209,-2.3099442295413275,-0.89912837387502531,-1.7824555128247583,-0.78131191908333797,-1.1365856220341526,-0.85139078170184423,-0.4968406850397834,-0.20967475997593232,-1.307072326795832,-1.5123344312352165
gene 0,-2.0097997503516285,-0.53290771040747109,-1.1661311098784766,-1.0736460892154476,-0.93870194253130179,-1.5144974373187166,-1.7837128267271196,-1.0555282753170037,-0.82753475912158603,0.068954473451368292,-0.2203107073831832,-1.6390445031751382
gene 1,0.48331858373727477,1.017685172105607,0.76033209493659548,1.2691936698611064,1.1749841638620782,1.2878405697805202,0.26679648913517184,-0.87876968751028617,-1.0224135821065508,-0.70080701370860932,0.71729914893188584,0.58430962926200514
gene 1,1.7010123951992593,0.22913192028681356,-0.43847577810358229,-0.12774771095382098,0.63412568302961747,0.92097277964291646,-0.6682273940004948,-0.92552732433488316,-0.91728523433089837,-0.71548690005545967,-0.03795468106163033,1.1045060251653296
gene 1,0.90631974014677585,0.23073100041862266,0.73029370811270677,0.035707757712895416,1.1300044004335055,1.9516403592609279,-0.68636664395863911,-1.2179497696178265,-0.76088355355835735,-0.32058937792134184,0.22564446834122159,-0.055692304318903429
gene 1,1.198508921308407,0.89735891540340318,0.37185259512707169,1.0370490063947726,0.63265511738081748,1.2307370070646684,-0.029753628469643301,-0.92289798653085153,-0.72026492823518096,-0.73229536005098161,-0.17740257488495748,-0.65335704278797113
gene 2,-0.41705592202293645,-0.32761739689824093,-1.4373078268042725,-0.69810949233350694,-1.5003076590925133,-1.0833189483482619,-1.612679994691131,-1.4004669153948857,-0.42821426638167515,-0.55272363502228328,0.72854651584440222,0.31597882347024042
gene 2,-0.063722177503766686,-1.2855683484848444,-1.0586508307596967,-0.74408865737168006,-1.1875253338757217,-1.4445530517720531,-2.0046823518853887,-0.35003381807601153,-0.82343184522291613,0.072665959039033279,1.4245035010983675,1.4559569266996459
gene 2,-0.18713063054039203,-0.55011639290412817,-1.3054044679780166,-1.3755693997969181,-0.72180886804506539,-0.84114106015267731,-1.3148930612639864,-0.46551354904608933,-0.42558501354145956,-0.16587860692118361,1.6527832272261804,0.87737013952879817
gene 2,-0.18164303043149982,-0.24874009836241506,-1.2260212093379952,-0.52610405093428603,-1.1740970560846671,-2.2682658690289994,0.33879686808343767,-1.0196857456523263,0.015200510165266246,-0.44409110910320437,0.43968724480984195,0.74999833508334401
gene 3,-1.5404911442331586,-1.9895679388736331,-2.530545152284978,-2.0958465404820581,-2.3800560355809934,-3.1094973275454354,-3.8435798871044802,-2.0138603817595526,0.10251714431371113,1.4779831472328999,0.94032111630737603,-1.0055238188107312
gene 3,-1.4549109989996887,-1.5077825859369001,-1.8391742799534199,-1.8915474107274286,-2.2285538613808553,-3.5879066195361577,-2.7661922788401174,-2.1947180332006555,0.51394919175833742,0.0052159019517866723,-0.66651935248413807,-1.5944894657317881
gene 3,-1.1514561725837325,-2.6847176883755104,-2.2053771106039459,-0.99862585781999036,-2.4436294936055623,-1.8392939425776382,-2.4997392574209418,-1.3580162174356516,0.47796302359391268,-0.056121448151032371,0.12647009125320871,-0.77437500251573832
gene 3,-1.5699650193247812,-2.1272323850816797,-2.1453547127406005,-0.51311966775047857,-2.1005729613563071,-1.8913959051749429,-2.0649682737922892,-1.3598262229624889,-0.16333047147811219,0.35948372082175739,-0.36507585207638504,-0.16010390279415998
gene 4,1.546437533303612,0.87291167656247848,1.3234738617115291,1.323861282122766,1.2467163452339072,0.65390794330401725,1.3488997650664978,0.62378764234462059,0.42241568791785988,1.5361853406039949,1.5277159864415022,0.92762604662641279
gene 4,2.1203116326602185,2.2196734598325865,0.72404860022989759,1.2860207853216545,1.5067399744501409,1.3061499729414972,0.81881325992437592,0.38198328810117332,0.34149701184207648,1.2877602332717077,-0.59433454672580677,1.3334592642247851
gene 4,1.666316960233923,0.92570045896793673,1.2174273485377876,0.23093218002610794,1.252060152651999,0.84086697529629839,0.31639357053749384,-0.421303676331793,1.4166607299078149,1.1301745095184628,0.57185828837453923,1.8172503221095542
gene 4,2.1385190284717361,0.52536736512804394,1.9118500838189048,1.4755569937285309,0.90424653769992924,1.6296072857167887,-0.17102223871788236,0.5504235547870171,-0.23871295508341861,0.59164347432153885,1.4019740552641262,-0.26656552552407808
gene 5,0.61428145758343355,-0.66412018992597732,-1.5241751210153971,-1.6701241262099451,-0.34812756552899399,-0.25178342318413638,1.0620970019107907,1.5254685822354488,0.57813194077118935,-0.9305624744266805,-1.1774907879900582,-1.1934910046057099
gene 5,-0.17831297700509569,-1.7022657131387158,-1.0070874463242603,-0.99489453608412437,-0.32873312617379136,0.8125845021696021,0.54597483578073602,0.71511742836875147,-0.66041582092950302,-0.59579614597325836,-0.75499816205721426,0.24460058015084041
gene 5,-0.057125165678670098,-1.1815861931810558,-1.351640953757272,-1.5328373585513542,-0.44534778543003917,-0.24948714893091206,2.9075543356980198,0.78779593764705602,0.68425741910741489,-0.30928996752747495,-0.97780938665118355,-0.023288229665627824
gene 5,0.10904583668656509,-0.82928146042358519,-1.6007273992900637,-1.8138293233448917,-0.054621073234248807,0.2609354389497785,1.0156071259418433,-0.015101371910655637,-0.2986304014769432,-0.79357433951746947,-1.5935704920796956,-0.31825015669350315
gene 6,-2.3308796591374685,-2.8517951434598565,-1.3835198033502363,-2.1524302261071036,-1.8986603591089404,-1.0283709508204728,-0.60826931159808906,-0.62139257625371969,-1.4198855619758606,-1.6474213618389921,-1.7587808892279155,-1.7565557578419164
gene 6,-1.7725135912863146,-2.3761428518595826,-1.3303041429532034,-2.1301544613090462,-1.6132813006563724,-1.8454265121614348,-1.1493003087270648,0.88490179109848355,-1.6783716047207438,-2.4240659552686799,-2.0593464860402948,-1.59287845121428
gene 6,-1.8978779326861874,-1.2226577735355972,-2.0176249969558726,-1.6645227815248576,-1.8325636887218404,-0.57874704967361346,-1.4355510395420039,-0.88454545403655804,-0.4422625485727768,-2.3669890655291943,-1.8563135672941142,-2.2831530467346934
gene 6,-2.1321561890868286,-2.0243828699474902,-2.0500789940678765,-2.2700181971151525,-2.1355462352813919,-1.9287823192399125,0.018586246663796713,0.056024407993228942,-1.14249520866474,-2.2995481426239932,-2.217093228629166,-1.5554845747767425
gene 7,0.32032553143623443,0.57902224929311341,0.15322563007093565,-0.21803041577830928,-0.64180325879326316,-0.31448447061244644,1.0928419863392071,0.60511804327024166,1.5044515262951565,0.797019909249848,-0.11976176759752538,-0.50809881618935537
gene 7,0.9250717280756906,-0.44255113665711154,-0.74872967357051423,-0.84491048003113223,-0.41777006448909321,-0.55317090295829119,1.2770969780503494,1.6087759260574466,1.7936640879668411,0.88860910286803696,0.82567633823875597,-1.4887271803480269
gene 7,0.41578613863829139,-0.11645533372511102,0.075881662233703684,-0.49631869245994742,-1.0291639388676344,-1.5874410967311128,0.34249886362559034,0.95259059969149118,0.52609652356903447,1.5076256997591204,0.38321507554403211,-0.34459624785501008
gene 7,-0.028600477959888959,0.0087589940925901499,0.52821321283990486,0.0073731243900894139,-1.516412770166206,-0.11467388470429493,0.33712663312332564,0.57992359569426766,1.1443990778821651,1.7628745690141869,0.47339353532111489,-0.74599588471419598
gene 8,-0.51281158251093695,0.16558641319068557,1.8367840253828065,2.2741719876970015,0.62902592530615475,0.78808658262868159,0.49140082196039869,0.8634246982965792,0.57370579003569722,-0.92080303025167465,-0.13963626381984717,0.24995184915607402
gene 8,-1.2956551088300459,0.39492285079255146,1.9583143025428376,1.7098789238813787,1.1369244275693808,0.36774573986952136,0.49387364740472317,0.48722566005427842,-0.10899436814492598,-0.38847724707399023,-0.28807645380529323,0.37560162258037177
gene 8,-0.69378177066916402,0.35132211772221594,1.4171238126803549,1.478010551728288,1.5371862582489717,1.3034334077328285,1.0628647060566296,0.010708299862995596,-0.15686722005275661,-0.032582243811249856,0.15353092780147704,0.25335938895587595
gene 8,0.74047033906688997,1.7276551813043111,1.4920492332031519,2.074356881611628,1.6501912502380962,0.52512560740293124,0.51189799559052607,0.98577023710070244,0.44481777148251533,-0.98351473637578946,-1.008492470921003,-0.033364487936347775
gene 9,0.16159203458811272,-0.18252455847871329,-0.030069924071239137,-0.52294595025336177,-1.7993794377855163,-2.752042538748892,-2.0609965146427949,-2.6367735244148287,-1.8584839526395891,-1.7054449419482434,-1.010671427169902,0.5485657371218472
gene 9,-0.66469387494638266,0.2198126333870131,0.063905372371428376,-1.5574689690957302,-1.7966015404098206,-2.01559260632943,-1.896774410757504,-1.6291138692023213,-1.155822406709448,-1.0304131897552702,-0.33359885049257632,-0.34635351826326427
gene 9,0.20451546440261553,1.2176765579318638,-0.21792598396719334,-0.95068676709943456,-1.7401437336040955,-1.8245197824540482,-1.2799110032202869,-1.6650607152872177,-0.67857364310727186,-1.1747299253418177,-1.7813727823563938,-0.0039354161471576443
gene 9,-0.24082237714479895,0.52334934256586352,-1.287176013580408,-0.72681008055237661,-2.1598258281576292,-2.1206822720062077,-2.3022509226308765,-1.4890071661563891,-1.5177982372023844,-0.80349935039708287,-0.59769702401375302,-0.61892427112083559
gene 10,0.36372214294031291,1.1781936378965387,0.18430718950812752,-1.5767473184567762,-1.9459004548365866,-2.1786645445729498,-1.8863881452824725,-0.17567362837807404,-0.33139339704299642,0.89180306746148696,1.450215223149435,1.4185149572487448
gene 10,0.015735650919741072,0.098373393444231155,-0.64210146514406508,-1.0816381574310026,-2.1052846009181443,-2.5543475517723255,-1.6051067197999769,-1.0379966933591565,0.58312976591629118,1.6124589885172713,2.1026543817405292,1.1051400523165353
gene 10,0.22368027040138017,1.1664819902096903,0.97719652170341731,-1.537952730902937,-1.6322702851015471,-1.8024984451781645,-1.9546975361564218,-0.46613819413140201,-0.081885101277699213,1.6148291035479581,2.1060279808368532,2.2461706572345514
gene 10,-0.76340791779754025,-0.12402975082782472,-0.10594983604876998,-1.2284965005384532,-0.93301994415629985,-2.3309830933265965,-0.49485173533827798,-1.1614111123320328,1.2720294153496927,1.3787370686861391,0.672362908781027,1.0277896825127337
gene 11,0.45604222353724305,-0.39450038210291094,-0.42305400020582662,-1.0177402826435389,-0.23319167062491541,-0.14651804048449105,0.72061147228109634,0.93954369961919659,0.29108603388797494,0.32451904326778513,0.75989234100518943,-0.60011352590569078
gene 11,-0.039305271080896209,0.59506312331583289,-0.48202518249900539,-0.92224167887586872,-1.0667417277929272,-0.049267910173141097,0.59864429596783997,1.1205266023999432,0.70473887219252762,-0.3496209385040856,-0.32590981528298324,-0.81966863396045253
gene 11,-0.34910074843924077,0.41696727492007246,-0.96970881375913065,-1.2826106115359033,0.61642754327948091,-0.46943964784636327,0.70981281076399583,1.3524122042228535,0.9063694051419442,0.54450922638182864,-0.065549599557384319,-0.75632429732340023
gene 11,-0.075896457495816361,-0.71853824833686564,-0.87498835323771007,-1.3089785259520699,0.13106532841168661,-0.053951666912647855,0.42795990085733648,1.3269860191526348,0.70141590440764356,0.48592738594042539,-0.71768683895622676,-0.76575816367617122
gene 12,-0.53835960367286162,0.61919447946575523,1.9616487086880703,1.745648264364505,2.219695180408702,2.3060191161328332,2.1272282866947649,1.8621798090402195,0.14737447958144362,-0.3250925275619399,0.22241407096014265,0.24851534004027115
gene 12,-0.0060323428161029591,0.71366635873704487,0.71279045620886361,2.1646197041389841,2.9171506449467279,2.8091740952981232,0.88059913913912879,0.88167055319296306,0.15074268694623677,-0.317499697307975,0.050798587685891017,-0.42088220878212501
gene 12,-0.16712809909312812,0.18197192156715744,0.32605956273140602,2.869719960131552,3.0878214352316058,2.25853156802216,1.9283657709636088,1.1019243609888685,0.82031088841176447,-0.52450218743165655,-0.57867528747698016,-1.2562606984384863
gene 12,-0.59365849607368792,0.99469435582205856,1.5374344751787357,1.8494188187125538,2.5955155957603404,1.9166255547848707,1.8512836783737012,0.98954615212816099,0.54462496262039817,-0.41457301471213087,-0.12896681420878278,-0.39042582063045639
gene 13,0.16786109567375673,-0.63567239705197986,-1.1619060327233917,-0.7021414326200448,-0.81390443291250669,0.28067807185313587,-0.91380685344787116,-1.545449842174079,-0.35802081521366647,0.14893278429347642,1.5362428235185188,0.94099544348090314
gene 13,0.36101367274354013,-0.43728582988355102,-0.49362943112087243,-0.6691215038988183,-0.41865121065669342,-0.041595889544152387,-1.3013262357549573,-0.38359620396957117,-0.055250766214983538,0.090174925536296177,1.098970567184256,0.55195625087688616
gene 13,0.70489770603425606,0.24328790785342544,-1.4543451771927831,-0.51665436408148502,-1.8084306334301328,-0.71765487841036757,-0.67109696994476176,-0.37216488956340832,-1.3567966113287606,0.85090611457556786,0.56505415118845803,0.62723272904805238
gene 13,0.79154870220760798,1.0691949957874309,-0.9473739529709001,-0.68192577978279267,-0.54510267631398712,-1.0660159418597051,-1.251088252160248,-0.88123220109317368,-0.82366516839189829,0.11761205308774474,0.74932027953526048,1.5952803987825139
gene 14,0.59013206567998033,-0.50631863528216059,-0.55172875896119677,0.094997362443076327,-1.074868224768561,-2.3984357788553812,-2.1480886241545178,-1.3763753292427738,-1.3136044786055905,-1.5154395038378619,-1.1560559148458054,-1.761424191986434
gene 14,0.60553732706233721,-1.5182950688859778,-0.96920849745256232,-0.41868996274540249,-1.0525254489812164,-2.1429331503891627,-2.1045606041341749,-1.3202852043198066,-1.0699187615541887,0.47658182544456396,-0.36188738932751685,-2.3941770316907123
gene 14,0.94332091474954527,-0.5859003821718396,-1.0523583358840316,-1.4399779187899482,-1.7828737588382255,-1.1502557690444186,-2.4197097773128076,-2.5595908525403872,-1.4018035472273975,-0.4498307793432173,-1.6551454197082216,-3.0532990242572797
gene 14,0.036572329695069627,-0.89501024639459992,-0.21493811848925271,-0.59383029420460309,-1.8872332711000728,-0.94210920298921541,-1.7702631233874089,-1.716829617484835,-0.69239602070405548,-1.0389743844383925,-0.78156484954938321,-2.2879562051456004
gene 15,0.35843784537241186,0.94436945337180611,1.7834157381265321,1.5777077866450568,0.080414981697094476,-0.38926521368472561,-0.24565677196013835,1.4817870470681291,2.2679172415008804,1.1484822489483617,-0.15470794610684457,0.43513113006912041
gene 15,0.088382569256539326,1.094530814711987,0.78546158518671083,1.538128748899825,0.3897098037972152,-0.61627634148479282,-1.0864575408470838,1.4214536345257436,1.2230051576453354,0.44191115703514117,0.49163818723993435,-0.24469933004735214
gene 15,-0.45279555962800722,1.1838635892486919,1.7663439919315689,1.169962398271241,0.6316566558011647,-1.1922438546272569,0.18429835896789565,1.1664080003765154,1.34928203863244,1.1365628485054511,0.93453816191055705,0.73017176003953699
gene 15,-0.24021427627701245,0.82583970359457315,1.4019238124294138,1.2960501917487155,0.41303285407704149,-0.42741025312591291,0.067802617685680799,1.4359617480625904,1.1240801512771552,1.1285221289470235,-0.019327827492553074,-0.1616657284975099
gene 16,-0.41223532595187662,-1.0935280170743014,-1.1984654368103682,-1.2764572759466946,0.31850654192552591,-0.56370316147592059,0.35083945312190529,0.61781800409339716,0.48815810263509685,1.137269465091169,0.28790470042612915,0.36045954402140168
gene 16,-0.66787838906783747,-0.78973115555315354,-1.0726456717917801,-0.40239031236798001,-0.63287735581047944,0.4770269961346042,1.3265233716950449,0.29142028656529229,-0.29951915289227982,0.28151546298755381,1.3726311470042321,0.52692531727487157
gene 16,-0.56712741231086805,-0.97536546576694572,-0.6333614397721542,0.16569074917740795,0.40136583118543878,0.77314396975011113,-0.58427650711771362,-0.50326714903384695,0.90896955015787606,1.077359219588915,-0.18175694398640607,0.43254509289739007
gene 16,-0.57514819940189266,-0.32586176405552647,-1.072625643699834,-0.48177788773178098,0.47477276287782239,0.74154007733796001,0.87988076641817003,0.77765927835571502,1.2381275102126239,0.01012323899051204,0.65609823834576197,0.46839429622319506
gene 17,0.67141037254143809,-0.66739822008092242,0.54459857208747597,0.76312707338754349,-0.20856621115443064,-0.91012718234491008,-0.50309024210957776,-0.5549676362217234,0.15414916609302537,1.0674096321820707,1.8911992941485174,1.5044463192016335
gene 17,0.06245348683855606,0.29747248243813929,1.2636820631204642,0.94733581575725501,1.2926750701141396,-0.12472652665954431,-0.46699200489147336,-0.6608741252264636,0.99423897216275614,1.7363139141579689,2.0282508106574415,1.7315320490926649
gene 17,-0.60016935066245081,-0.38556790212648628,0.64542835651305264,1.4952283760654859,0.79143959947274134,-0.24506374656866645,-0.94826209966156261,-1.6162174817228747,0.93679012520178628,1.4175182970663638,3.3623430448820013,1.4947786008601771
gene 17,-0.33704115934411027,0.89440163998167377,0.51651982504212679,1.7794680727143803,1.3665985558404796,-0.085196609255570141,-0.44508659022714664,-0.53857296093083518,0.49019130291386265,1.5796744271804586,2.090599655792067,2.6583691351507901
gene 18,-0.48187646906801251,-0.047094378048774477,1.6237648270213423,0.48692113434586715,1.0001114319262498,1.2107118394740108,1.8078132859113201,-0.024742915568276819,-0.39470072925839611,-0.16068848711532024,0.31645459626886419,1.0296535516970713
gene 18,-0.90895857623101073,-0.138293898177204,0.13765583635252476,1.3891324535993337,2.1250036664198748,1.6280429200034217,0.98279169393891797,0.49377620368616193,-0.79837311746720219,0.58890097549718123,0.26364821621624074,1.2382609638076012
gene 18,0.23744084088577533,-0.035128542195436707,0.5630080888275194,1.3932404429150325,-0.61271511450149607,0.54834917895384572,0.51209959087494983,0.60215083869014518,-0.31445102274306708,-0.50539999949316072,0.75514534291069801,1.4798093992475847
gene 18,-0.96436883911233984,-0.21880633172636241,0.30245525852687849,0.71673082498420837,0.80887551659511048,1.004742307093176,0.68578244423153967,0.053782293418813687,-0.67980863806913405,-0.38398159796269826,0.19388255918179231,1.4021030490671713
gene 19,0.59160960864321521,1.3996091286411934,0.38034412703157328,0.098864644977349536,-0.19658907675783602,-0.53126098449600434,-0.72054629527408387,-1.3269491298505134,-2.2038928231564521,-1.295150569569778,-1.0935070389655515,-0.88885538466446401
gene 19,2.2823232986907707,1.3867937935880419,1.0341278147980093,-0.40364736042509508,0.55623542138927862,-0.56368966343893689,-1.1162009948748015,-0.47988698063411561,-1.3047767511277075,-2.0436242595163447,-1.6329422991740346,0.44268085752002978
gene 19,1.5826916598180132,1.0649845855767952,1.2271097773180522,0.7434455494744634,0.5934945390388966,-0.68306252457229855,-1.5022534116632342,-1.4231821149376407,-2.0017794090011298,-1.6025264400997112,-0.44112806500797941,0.28441451700362336
gene 19,0.76299147230684061,1.3007844748830928,0.8777547139739601,0.074414687027167054,-0.29603094417652243,0.075851650140486893,-0.32865388080759311,-2.1108937120943514,-2.872146464705633,-2.2262588366518914,0.00094912070291353068,-0.51410574507115447
gene 20,1.4443423246867464,1.8920324499773349,2.1107661379049043,2.5496349345883891,1.7712519296987861,0.64447612907368113,-0.81707828939075622,-0.97001462061995536,-0.91475132046650631,-0.514260056761219,-1.3384681702375716,-0.30497553246994452
gene 20,1.1510260791937639,1.8119923496205581,2.626845310644331,3.455532066886227,2.399946445504912,1.5476805047673428,-0.72983446934240059,-1.0220234575717624,-1.90390748340008,-0.24121546195321775,-1.0714690608699318,-0.87326900063615498
gene 20,1.6699397429569116,1.8518118282198606,3.5628991781623101,2.8931151872799252,2.5046096066537284,1.54958351608499,0.43686397715964331,-1.5619656726921094,-1.3723547561048617,-1.3442295138712392,-0.40038745676092025,1.0670620964008937
gene 20,0.96717508766642557,2.5215903768083385,2.0667074296659802,2.3298104315973158,2.4822900138841586,-0.11362242287893998,-0.29712818715634415,-0.097399391826070381,-1.084596003925661,-1.3684188803417909,-1.3072447638073927,-0.24227062057903306
gene 21,-0.056157075649047317,1.8301948165850841,1.5079343043459534,0.82836696006373967,1.059086876093019,0.72454066280632956,0.0076779673118558822,0.074572929825850287,0.54730429791111734,0.72601403724326974,1.0843438560508061,-0.05786957988389943
gene 21,0.64147172121556317,0.56050299144713833,1.1692530837121546,1.9484474106433034,1.5870822203107833,0.10761942922892326,0.75245535405407826,0.9983257412544434,0.51602480016442498,-0.055709572903790638,0.18443274770380719,-0.93457628054858899
gene 21,-0.87291952680055918,1.3589892550671641,0.35818072044477145,0.55347292272356319,1.1034452960612005,0.18234982227099183,1.0005415371900375,1.3466637602970817,1.0219399144527008,0.74165594635802579,-0.62161127231693125,0.52071482285212767
gene 21,-1.04735356666841,0.004179814880640037,0.88432546223593367,0.82988381597248251,0.34210529149422719,1.6477192113051919,0.48289079297874626,0.80326546201653026,0.76308550871655745,0.41531507671761558,-0.56805093443248322,-1.038847546404162
gene 22,-0.12672381352154838,-0.59854953335307315,-1.1474069121749026,-0.16216454476931369,-0.19280929730947394,0.23418340798971998,0.20103714060790889,0.40385753043263595,0.40583320119843835,1.0990054340163504,0.90573747622751943,1.3654097742036522
gene 22,-0.62291386725690789,-0.76880198627628682,-1.3419501731244052,0.41396928375310843,0.40567951707702293,-0.22301800989789455,-1.0820555575094313,0.22399092755056368,-0.65968754213862901,1.0728850930691356,-0.079415291870342575,0.48965119910302674
gene 22,-0.87016725927318217,-1.4523201786285138,-0.87162507777472642,-0.79281750149208707,0.52389441739239617,0.25751280717092201,-0.78631693319466023,0.313732091361975,0.86758701358683177,0.25666333878697684,0.80483358461680732,0.15239550684121023
gene 22,-0.82229931243774568,-0.39834421247354346,-0.74625595030914249,-0.51635473972030788,-0.47165896562983106,-0.11564653933586259,-0.76343609606231078,-0.84454599150698562,0.57912744399531468,0.22284037812319013,0.77022860917218816,0.18960789098345837
gene 23,-1.749018223799379,-1.1429339184338039,-1.4017097141534773,-0.10166030934098075,-1.0175051294337421,-1.8493955977405148,-1.7609261986832825,-1.2632688547100415,0.081528500160444495,0.57156819304601258,0.26972653069403041,1.3160573039224024
gene 23,-1.6628050664941423,-2.1781718468700242,-1.3156415237954815,-0.53420323479327114,-1.573268370781292,-2.1469621918614057,-1.9125139794154022,-1.2469544197985543,0.038922811853759287,0.51058597673578132,1.2329750839540548,1.3405270142842722
gene 23,-2.2269907205915045,-1.828982430164876,-0.66505736068988919,0.10289503745564132,-1.9120445081451678,-2.5269832836066173,-2.378403576568024,-1.8102288785057601,-0.54874295485750957,1.0057510773146687,1.2148133142286714,1.3632902540882423
gene 23,-1.2669110433769477,-2.2833247356476138,-1.4536093776666097,-0.2385499169166401,-0.84128992127197488,-2.7471133088474682,-1.5301036989768719,-1.2062023439503502,-0.15791961746025962,0.7944819283879494,1.5047730392189789,0.14077003402054156
gene 24,-0.24295572903557872,0.15974562282204918,1.6197365602656355,2.4809840257353666,2.2825337250609277,1.1714135934438732,1.153870928936066,1.4649465085799036,1.5750645477278242,1.8398625314852319,0.26975403805026832,-0.519713420974659
gene 24,-0.67041814404430333,-0.062868923488155315,1.5546250413935199,2.5224574204845691,1.7260616942675642,1.2526434963869086,1.6701564668413775,1.7039331901856418,1.7732919382007517,1.1461817242472567,-0.90718554681883512,-0.46253004654976226
gene 24,-1.0140699485603952,1.2810134699769655,1.6386959843449234,2.0119579778189784,2.2828232416000778,1.2691623134568146,1.2888943998180915,1.8308648818301518,1.8219194132179388,1.6862789353513885,0.91795622644010799,0.26160804668030302
gene 24,-0.82899733093056882,0.23291428499043432,1.6241830530347017,1.8941565275547947,2.8265365782151939,1.7475417822445733,1.3189270416992438,1.7338900129145387,1.8685870553844519,1.0090339473299068,0.077793008995161839,-0.23383275291729572
gene 25,0.18209101148980344,0.43104624990120188,0.98006065770385675,0.72786521816859961,1.0438127370035353,-0.59439636012331998,-0.13433791229986194,-0.6123475505360414,-0.45947446171461587,-0.019965796399616376,0.96116472052553992,1.3669855726671418
gene 25,-0.35489470276289431,0.5822376356471628,0.39437600348876178,1.200737480573439,1.0680112106069206,0.099470374347694679,-0.053316573067361893,0.176758875469607,-0.94203439342124773,0.13478576335361481,1.2985234181051488,0.30443270775235842
gene 25,0.43910109153076932,0.6490927570949554,0.67397620608983477,0.40471456829384089,0.34905420423499867,0.32803857332015529,0.055957304016837218,-0.046903387688933318,0.13492578165433147,-0.4853268130387377,0.70339289831915885,2.2237357717797384
gene 25,-0.68553097697248921,0.8634574264947501,0.36925994638168491,0.94131226077275565,0.84822758717050961,0.73766062220230633,-0.71308539814452743,-0.33922374479944728,1.0518506554464144,0.71933048634171248,0.81538140729200781,0.34515764634026802
gene 26,-0.99731276997641072,0.71734447593947015,0.63444981877378359,1.1526502153553289,0.94920686100541007,0.50272976867117869,-0.42097198298708627,-0.63121339237833451,-1.6820827997588554,-0.98934649156597021,-1.7771351359443139,-0.53684512083890479
gene 26,-0.67769399192460589,0.35092147721601319,0.70597481426922504,0.35384971350377931,1.1253559590799145,-0.072262647630128962,-0.54839105915493258,-1.0444981294156508,-1.3861514024235375,-1.4411127396268246,0.1084181814014985,-1.1501525939191473
gene 26,-0.071961254209499281,-1.0819227355926111,0.27751201352285293,1.1097442841444629,0.63389218613201581,0.9159015844885674,0.37509040405680055,-1.3570982576862134,-0.52124230761290902,-1.395262935942849,-1.0533506538301207,-0.80430643706527027
gene 26,0.38587289576216599,0.25878573971552038,1.5469689894318746,0.364349173430218,1.5852310618313283,0.17267942744097256,0.079513678716152003,-1.4863694058480048,-1.1049318034670099,-0.70371673846357918,-1.3067517079828037,0.49079959155386088
gene 27,1.3977010861277814,1.9309430133154235,1.9330346520301329,0.74531779142919685,-1.028507707599795,-2.2827834026319072,-1.8867852100808071,-1.36086775974151,-0.78985934235441135,-0.91198084618753339,-1.3242644319089949,-1.9180390895182056
gene 27,2.0633623294587178,1.7500572177986944,1.8640675426238111,-0.098340620800279666,-0.15678365709521946,-1.8821446979601606,-2.4097793619405019,-2.029861047258116,-1.1602608160925982,-1.6753879367952378,-1.3014752436016064,-2.1343037800071092
gene 27,0.92004738625558247,3.0907843809757924,2.330919102158076,0.58687209898931392,-1.0631620764985206,-1.4074134164391832,-0.93521702535729445,-2.2439979039214331,-1.5068939960495924,-0.68774261117973912,-0.92667310702137873,-2.6563757628974027
gene 27,1.5388478861107646,2.022117609043411,2.0368635234096999,-0.35955040640800207,-0.61788973046681628,-2.2444412902447226,-2.0250141761020939,-1.7515507365570806,-0.40099459303238993,-1.1644227624022794,-0.94479467003031259,-1.2306367635361264
gene 28,1.868350746845681,0.50657976413890771,-0.55423651582102196,-1.5590614188750405,-1.7632716610539725,-1.208013339323553,-0.41932507738450964,-1.1531649835706126,0.24220867457202833,-0.67096135695705428,-0.25226062534343285,-0.30176088151171021
gene 28,2.1524818002909152,0.6236080396748408,-1.0335270778891954,-0.70114105716910902,-1.4515947421891142,-0.39379355602940225,-0.071370408782504918,-0.014212289413661761,-0.30490528930103861,-0.28870365318915581,-0.52703908391802001,-1.0322847861577293
gene 28,1.3729046461712873,1.9600722158655854,-0.56964192217625831,-1.6517411651995118,-1.2429248689707719,-0.86636417131534715,-0.31135975821377276,-0.8477041131919294,0.18121546564673946,0.41851872590655248,-0.57807494566406326,-1.2695806182375302
gene 28,2.5179155846773309,0.77891964426129734,-0.015170755446740014,-1.1547499345894063,-1.5709730149314927,-0.22352233082221018,0.042067578527476224,0.16835052757919389,-0.48426809497681556,-0.6001190163666601,0.16126155546136056,-0.70089315177395806
gene 29,1.0884847538596201,0.43136012669802964,0.97889040679921413,2.171004098443909,2.5992447513203003,1.4799043008151826,1.2108038944214017,-0.47780497961746088,-0.647267146965392,-1.3648333489108138,-1.5075005220119975,-0.92140242476777534
gene 29,0.55749156146018863,0.81608387836711138,0.70365238610577108,2.4023658206427192,2.9918286255376998,2.8711881434205671,1.0443056630879033,-1.2356723243233096,-1.6890415291841974,-1.5058910656775342,-1.2357058930270501,-1.6238637060934171
gene 29,0.42705897741143872,1.3768764989463906,0.8489554725173506,1.7505152380824514,1.8308558582179455,2.6260749022002083,0.66336401257604805,-1.6025336770024059,-1.5801493669150919,-1.4216703645479616,-1.7081334606526017,-0.87065780718048402
gene 29,0.84806869323226186,0.89781158951335627,0.83124532014507946,2.2239792411445234,2.699761462951098,2.4169863820902502,0.66672869387905154,-1.0738544508265575,-1.7330974739393146,-1.5432010395764892,-2.0479210526499836,-0.50896608107930841
gene 30,-1.0843900481190243,-0.73224626582056929,-1.0840185458572571,0.22598838012788525,-0.38192784962928633,-0.59206165719786408,0.81968117315326361,0.22124072259158425,-0.051939047394262944,1.2497825898888664,2.238647387381703,2.2688078320462663
gene 30,-1.0069674900581462,-0.95952540510041517,-0.64709982708961511,-0.76792227636850297,-0.37495215959010375,-0.25189712382258161,0.68471202634234984,-0.45381138819867317,-0.25858402499628208,0.68222556846979898,2.3735608992646786,1.5723832909954445
gene 30,0.45183371156038743,-0.52229517212633203,-1.3718038968989885,0.17843231242412105,-0.17709364138187306,0.5973707170908702,0.049331579152564947,0.027568941214781623,-1.2327847316971481,0.16064391956585689,2.28841698773694,2.6209341031029547
gene 30,-1.4717468607612663,-0.47283785628211783,-0.17626478161932552,-1.0033290287872423,-1.1899152491024072,-0.11852779924588192,0.63578473318844264,-1.0089782864405494,-0.39570083047957577,1.1729863799896409,0.95711064992877004,1.9266452667546914
gene 31,0.46209783966460249,-0.85904340186247319,-0.61555863938097011,-1.7548365058832092,-1.3160721316899084,0.14851553395526973,-0.69776395658945156,-0.90367303522294384,-1.7943017067752467,-0.011454181381881257,-1.6748146640974697,-1.2810809535884911
gene 31,-0.37074254658275163,-0.5469241017320241,-1.8712511102576714,-0.7914985036161255,-0.89711174162150142,-0.9348240685224386,-0.98399337234764039,-0.59691546119487016,-1.1114616623509301,-0.60924916784192718,-1.3728656784161735,-0.9583707777566306
gene 31,0.024671679370012412,-0.55741144763543482,-1.3575955443948409,-0.65354883339371039,-0.71007494212858913,-0.30877515348120321,-0.10417863455147158,-1.4008480173057101,-0.73232493264817911,0.025801696908019145,0.58847375764728271,-0.89156963157486169
gene 31,-1.0233441997869326,0.18918323240983204,-0.85691538533942813,-1.5710424577017925,-0.79121973276964086,-1.2482789256326372,-0.78599236826300922,-0.32687381638015267,-1.1960081595392653,-1.0380067811495008,-0.64339705062173103,-0.75752921957873343
gene 32,0.85342933818979816,2.848495357006354,2.1925130262506896,0.53866388697158574,-0.37219165632246798,-0.76134254934562184,-0.57177032353533253,0.38366854969095876,0.69094507143423944,-1.4827937631224506,-1.7025146620973006,-1.0444582279061083
gene 32,2.1473771485317936,1.0077614668363806,2.1982634653670234,0.67485789041612532,-0.84267207187425108,-0.091555067962681924,0.25854800143538825,0.012380355848035346,0.33752873562775132,-1.6879370878325251,-1.187842313548318,-1.3489524324077382
gene 32,1.6730086699883047,1.5541692892720163,1.7401953913830548,0.34823713860711569,-0.87143154837618853,0.072469241781704996,0.12113080860762956,-0.38406836495793001,-0.10129441787475091,-1.9906640765498367,-0.83461184378320075,-1.1140142562840367
gene 32,2.1009753861577742,2.639398344500778,2.4283610459700453,1.310477191223036,-0.0053983637293715248,0.51855975390066977,-0.3420747642290029,-1.0469699682943301,-0.35996545628343468,-0.1647755283778356,-1.2083404830183564,-1.7896691932568409
gene 33,-0.35964764924856374,-1.3138252280347129,0.0064527278473941255,0.21609434476743297,-0.68132480707124943,-0.078071381911569704,-0.90751868809512726,-0.70709104644538612,-0.52503115961279789,-0.98225085706525539,0.10331048040651591,-0.25472803268633393
gene 33,0.96633334184186548,0.093292216510674625,0.062118687302967178,0.015778196052305349,-0.6147166500375626,-0.22635452699655412,-0.82483264470509188,-0.13579350624115061,-0.87653148526340718,-0.23621694574209806,-0.2438962050612753,-0.11987453151740279
gene 33,0.63419835586824924,-0.42144268859509981,0.65230697766669532,0.48490840085902198,-1.1063607025690243,-0.064564764164194766,-1.2153761098736111,-0.75876402783179486,-1.2329172620036419,-0.60101981508704483,0.096732812130389201,-0.27735608457260108
gene 33,0.31073529601263011,0.044759225046406392,0.22743776031272822,-0.73591813826006858,-0.5543060969172271,-1.0047175953696217,-0.6584397229442549,-0.05252829235015477,-0.85306529868416658,-1.4524802689552385,-0.0057078297869385675,0.45601685967741695
gene 34,1.792804505482708,1.7236911019913141,1.2047208790054911,2.5076058470866269,-0.018067115396644351,-1.8546052342903905,-2.4004556333339648,-2.5611155832425574,-2.8123544009834238,-3.120199724093045,-1.4668566762221966,-0.26040681708631508
gene 34,1.1063331079375556,1.1018608909107777,1.9439908064364682,2.3902769178009509,-0.585467464358988,-1.8735676712700431,-1.8565578878226376,-2.3813292237799812,-3.5902123509125832,-3.348876351929992,-1.6060651022134786,-0.57200776999404335
gene 34,2.0019593784047203,1.12888563063523,2.5506465718800482,1.2762961487037729,-0.9206190105910399,-1.1744728558643487,-2.0620562980080437,-2.525147213334253,-3.2995993190035646,-2.544436156888191,-2.2321814750239364,-0.85215133054231851
gene 34,0.8138099169717522,1.624091673280825,1.2764601569069614,0.9150837434426079,0.78680294774199289,-1.9231286071637825,-3.2753613261939698,-2.7643140462553899,-3.1944556584733577,-2.5317504545985705,-2.2716916562748648,-0.53668159882607336
gene 35,-0.51512858741815259,-0.14469680085372011,-0.55160007695975177,1.3384007010322478,0.022431306193857692,0.89118532378844473,1.3308520144217053,0.99944291240731853,0.67670775080877466,0.28108344841952432,0.4197014500020832,0.90895321517820471
gene 35,-1.4295796368517277,-0.19062140326690344,0.69503746629779894,1.3418747115685283,0.52010639184636742,1.6627747441433545,2.1786069646658315,0.95407365213066875,0.92384758136251588,-0.41691282861736167,0.33115925169774951,1.0037360246517377
gene 35,-1.0533552601506309,0.77002353226994391,-0.086234436580740925,0.64085412369529071,1.4651391590789733,1.3657889392139426,1.8182249490672349,1.245256144487533,0.99585732071741029,0.32159997948253932,-0.16906362599727692,0.035842636654496607
gene 35,-1.0184415958393482,-0.82876756858184675,1.3983962369389338,2.1820233559632252,0.84884840061436262,0.67975083502209854,1.148762377039803,1.2324323125994083,0.12939670995185881,0.086110257551471198,1.0582979587242343,0.67776632414935456
gene 36,0.41524029989104033,1.3165258659212187,0.70059434097897644,0.10878317847382404,0.63946483612981397,-0.82297450980311759,-0.49110883261692373,-0.41488910885536595,0.27440072712431152,1.2863360083815536,1.8670937556167113,0.81983317837329195
gene 36,0.15452182582026919,0.48565203969900056,0.62438516578702663,0.22108236751753543,0.30984508764170593,-0.68200921725360253,-0.054034789256541316,-0.57301340885185914,-0.15090504748077832,0.58236393138998288,1.3702624445343465,0.96921322108188857
gene 36,0.94333797561351984,0.057964937884442902,1.1149208511009046,1.0947667211357106,-0.5420913088118321,-0.011516582928282171,-0.11835825944178635,-0.6699626808769451,0.4806840750852055,0.77313065813415127,1.1707544435411954,1.1963919734271284
gene 36,0.93482988999153727,1.0607448116209357,1.2719566490166299,-0.52866344426841017,-0.053261458748810442,-0.2559292320570572,0.17347349159579756,-0.075779705281962872,0.11894793782419735,0.6114865897573083,1.67195202789467,0.91426384851859965
gene 37,1.0625913655798975,1.163208934063896,-1.1708313620809889,-1.2817724792044425,-0.84611096265667196,0.038263139263105594,0.41920333941880039,0.12176292286424101,0.26154442438905529,-0.12038174884382601,-0.51210235336659982,-2.1076698075345144
gene 37,0.88932625134757481,1.5250039689585762,-0.3636540725942452,-0.42960881270041829,0.01360586098538985,-0.0031330798835322859,0.50771271288942788,1.1970845530543279,0.21160436817231298,-0.73014067138732885,-0.36019612159629105,-1.4310362425394623
gene 37,0.77291243952206234,0.45466759413113167,-0.57046868958403707,-1.0809734095277546,-1.1931469188432902,0.17892124502842374,0.97823102715790267,0.46033576833997769,0.15671688851989796,-0.3573282083021323,-0.38613435979401617,-1.2578415420000559
gene 37,0.18484185335021464,0.53433180399647928,-0.44042562316751199,-1.3166855116962735,-0.92698485329554603,0.10736922212012379,0.084880647191513836,0.49187689716657251,0.91080636669230208,0.74742027902468033,-1.1776079252206486,-1.7536240697407093
gene 38,-0.4618763197347856,-0.72331922243538282,0.26228070286030958,0.28587706419269693,1.1242196132426281,-0.58040275053022961,-0.27705871743660337,-0.072023910206964525,-1.2260986490335484,0.57618077207243024,0.28095942026402787,0.91998449383069436
gene 38,-0.75251510124068233,-0.31131120194112294,0.98216124281061745,-0.045558538726632514,0.21037550009554185,0.32337736607150958,0.6530020745570464,0.12430301961389278,0.14391259864296846,0.72205291231315538,0.80558638405309446,0.65144060998824704
gene 38,0.10105111878626584,-0.55984094871415757,0.95744652607314418,0.28266919251427214,-0.26083310256091508,0.42723837503900652,1.0661256369679013,0.31327948133286687,-0.38449287175785596,0.67508792181599186,0.92480187045936102,0.46632597653864483
gene 38,-0.55979403352722412,-1.0168885269903076,0.53064608287135517,1.0635981140052406,0.05160409937789847,0.47659953096811214,0.81646029020179611,0.92763001164442704,0.39612298771642029,0.55660911070639008,1.1689053435842482,0.93764330200087675
gene 39,-0.83161751903705616,-0.083098910783307556,-2.167922700562976,-1.5026366983423742,-0.92647960884004621,-0.84072857887921038,1.0015945251434162,-1.2252738383289674,-1.2111662943137655,-1.7512407649619328,-2.9166592408809611,-1.2901021231577232
gene 39,-1.642136355631628,-1.6696869575541742,-2.0335099057341832,-1.3415284100793965,-0.32490854488382026,-0.16889136442888694,0.56458342840344677,-0.87790694070254527,-0.85160640299529988,-1.4449256126385368,-2.5917767325646954,-1.6929637814651781
gene 39,-0.61498181577963318,-1.4028341147741825,-1.33242814609139,-2.028088564834158,-1.244526312621753,0.41667999411552104,1.2107201201706461,0.67895359188211335,-1.1120260941050171,-2.3595018234796643,-1.6858048405982375,-1.7173454160215793
gene 39,-0.93038454235742984,-2.2301818249173722,-1.8027034838833482,-2.0730852018984756,-1.2926932758071175,-1.0156728771471593,0.54377659677041912,0.33560763879564137,0.076713861569629782,-1.1065525158741623,-3.37579734823318,-1.1577178168961253
gene 40,-0.5858701317501831,1.0309455801147993,1.967444108759743,0.68529221673783858,0.38078248788127567,-1.612822204094188,-0.2141377067323173,0.16771258409075882,1.0079382573321434,0.70553277064113817,0.43102013358676716,1.7051927263590754
gene 40,-0.55513944052472886,0.6818622138710374,0.92467764908184513,0.46020762939113907,-0.76037716053639348,-0.4734158922680366,-0.26927857853518472,-0.19583302870494479,0.071486363615792942,0.67050212522451513,0.97720925631420275,1.2694448051142311
gene 40,-0.71689421521667707,1.0648595852242471,2.2989207596370402,0.57250037672380671,-1.2913683738664323,-0.58343565478348924,1.4790160259480676,-0.53939944297945863,-0.43723852157626347,0.48860358870813125,0.54245333573563059,1.140276206793243
gene 40,-0.086017704651758342,0.924718999617413,1.3114295074941773,0.33286049730419942,-0.21350984022526051,-0.80584666506677516,-0.39085233464291441,-0.19117802050722088,0.67108283831549165,0.756586020286382,2.2490019717612659,0.61045429718549771
gene 41,1.035727564768022,0.15867863867464418,-0.5494656429695276,-0.57763625248405992,-0.33554362193657922,1.5728860395867363,1.2143905306950091,2.0468319516445317,2.6663860632334178,2.7703263314519018,3.1279065177976362,1.4481648191920162
gene 41,1.3858284390128555,0.24906225733416093,-0.57237363697982901,-0.95583491829434575,-0.0042375507608681875,1.4472186301559773,2.9632963738235585,1.0852629537377179,2.5637637681402619,2.162446835483212,2.4812858142232468,2.971335696850018
gene 41,0.95323420278102322,0.82168178234079203,-0.25306099400365439,-0.16431975866294785,0.42452004414777433,0.86183968275132394,1.9578635129053716,2.5240049903067341,1.9962280643805328,2.7616677872344519,2.1918480592471723,0.93965038285052227
gene 41,0.202892158307026,0.48411026372982713,0.19583815760425252,-0.22718070408096219,0.36803843323119362,1.4139337635831564,1.2755614261085326,1.3165185821200667,2.1287993984688418,2.6084329064705454,2.5567645837206681,2.0672992720103318
gene 42,1.0601497268382229,1.260820540508659,0.47738462015825123,-0.37836300916106685,0.68897333270097483,1.0740962769015272,-0.069571615941583675,0.60550721186356427,0.64187208910237115,0.21208395786205969,0.41686715847726286,-0.38943543351362131
gene 42,1.4117039268480041,1.0291252960798105,-0.52007905119696041,-0.1459228106789402,-1.2379194734037766,0.2981712372596621,0.026028429988386455,0.97757875508474779,-0.094395773906496228,1.1005208382600469,0.13685869009249324,0.12031092996947854
gene 42,1.7638556815383353,1.5644188010644424,0.16376515070550515,-0.61734653415218321,0.85107299171894235,0.5122651979277586,-0.74917171827742979,0.36052120110747921,0.81434168859422484,2.0281648930917,0.061372404292548088,0.26147259153903835
gene 42,1.2951530178295714,1.3637171651286883,0.012498745595743321,-0.69747933458197586,-0.94532343094767257,-0.27904934684697502,0.39958607149546582,0.11979888727985011,0.12375912980796255,0.71242300926363988,0.89968087487194603,-0.29649305807874188
gene 43,0.59689921470657026,0.65794466618122627,0.25594729839449626,-0.75510472104653148,0.66430253022459274,-0.70386662722864379,0.47724130597195286,-1.400142472193187,-0.86636479046830128,-0.079479220221958816,0.79500976086406228,1.1621435617897076
gene 43,0.27902263457596432,-0.63169305533711539,1.7442222308814574,-0.762418583214867,0.05407408516352713,-0.9112506788184449,-1.3135192550117516,-0.47197342466188563,-0.26822152365970253,-0.33420236035933004,-0.97299944657514259,0.15767257862685813
gene 43,1.1295999913717203,-0.14209062207267764,-0.17459770719195003,0.29932643618971294,0.097437148049421773,-1.3796799138736868,-0.1420100757622248,0.49554536560707452,-0.81743261452028126,0.18292086447693842,0.12115920261589558,0.32020617753990943
gene 43,0.88424969577181811,-0.12947212889930576,0.36869245533973405,-0.17125005375622238,0.088616690330812653,-1.3431394361191902,-1.5279099820570687,-0.65272910666402384,-0.52059466750118999,-0.15451237270220133,-0.24614565714649816,-0.043742871258383276
gene 44,-0.25318990601143671,-1.6423800390687533,-1.5173906479228803,-1.0069803624500686,-0.090322626373003659,1.5020588654830855,1.1049309836650842,-0.20395265439296778,-1.5484360664066812,-0.40395810957250783,-0.28816249057845855,-0.77916444925444495
gene 44,0.12847551366014365,-0.83284731996289152,-1.0737014523833408,-0.9649375209479375,-1.2075659279408741,0.61733373352975618,1.0757310273563063,-0.56603921249333011,-2.0808073700890004,-0.13310993436589091,-1.0288540770151917,-1.332464062876026
gene 44,-0.62216955815778063,-0.78396419780862936,-0.67383793484560606,-0.97841641273002122,-0.15707283330692076,1.3052543008591375,0.51455824020112551,-0.30178894041313831,-0.40345005527948963,-0.75415972994163538,-0.31906500872434412,-1.3090907461057166
gene 44,0.23769082180863466,-0.45942702671150071,-1.412442714698892,-0.79229578059769834,0.55170464710161971,1.2585853617807456,0.45153160674427095,-0.53946821071554285,-0.78985568574264309,-1.0132764354163033,-0.40052183143232323,0.57496249725066684
gene 45,-2.3453575436104992,0.86581665538224062,1.6743580541865661,0.33082341615399535,1.3701869766638946,1.9827023505621466,0.9144959425956698,0.418865482840375,-0.42154170130018803,-0.22445921491206855,-0.6938186646172968,-1.4624687565379308
gene 45,-1.7259542179478811,-0.56027934097618881,0.37190709644623188,1.5565188261739629,1.2254266891698917,1.5764939798452484,1.7929217499890324,1.3542381930945766,-0.3227365628190827,0.3655757980102351,-0.83961045576169546,-1.0568185932309928
gene 45,-1.5674542241837979,0.33157849896523789,1.2395319842219916,2.1496963525069859,1.8967164992337977,0.8801026062690106,0.98906053953767903,0.28420920237573361,-0.30800600774641251,0.83024353287891306,-0.45531381695636974,-1.0294388371356651
gene 45,-1.6741755402062437,0.29561466611649218,2.0709371624339767,1.1058387972474528,1.4659652555021498,2.4960789055607151,1.0876589822388782,-0.099725116037557515,-0.65672717057312346,-0.7124960180054023,-0.066320100934262854,-0.69159686329753756
gene 46,0.096254422514654769,-0.20666569811243507,-0.16124732333757474,-0.32437954546295455,-0.38517360396316014,-0.77819444844752339,-0.50397284525344221,-1.0604650171114831,-0.30034411413149015,0.75953532139320823,0.051563161860944229,1.2146952522961887
gene 46,-0.61698130723069522,-1.9212508224643772,-0.51438576089110477,-1.008068853629458,-0.27830711779556933,-0.22003762340207528,-0.15856069353641905,-0.27175732152805032,-0.01138495336683204,-0.053971762403839371,1.0979865614628899,-0.02952544573295901
gene 46,-0.99796318988773003,0.6073618037994043,-0.31290102895073019,-1.4465797596325634,-0.22586933350248095,-0.44231697495211658,-0.72871053412278608,-0.80949991957639611,-1.1518819414018215,0.65561586149097539,0.54492814407397239,1.4957229792966282
gene 46,-0.4469684421094503,-1.5353626598459211,-0.82466742402471105,0.24904037640089927,-1.3444820677573865,-0.016499333809435468,-0.61024180993730204,-1.2175504951054159,0.35611455822648808,0.33424205277677044,0.18904932800831262,0.54152873486574571
gene 47,0.28011078998738681,-0.21370104446570876,-1.2682088730529246,-0.18495008638403171,0.018128205012859167,1.7716695833492642,0.7697524452804827,1.6695254759787228,0.72728631901064555,2.0682642269516691,1.597978749586042,1.697284425576977
gene 47,0.80452083193789825,-1.0291944449034289,-0.53955429815546396,0.50060748067301697,2.2295460543691563,1.6592333873507492,1.4430695927502342,0.77553707147087836,0.58708163714739592,0.59829201202072646,1.4665625305726722,0.98363645437299441
gene 47,0.6989716830691165,-0.39635445433043415,-0.45303399115857979,-0.15101299450797218,0.66899411854742441,1.9106305023766976,1.3070684522314466,1.2325187498795853,0.042894689859104496,0.88102169893843407,1.3957899225905868,0.83774231437074065
gene 47,0.3307072389871536,-0.76704402548694839,-0.53835354495810417,0.83833854381567385,0.49126102230043889,1.4384833497149951,1.0654955810808207,1.2081826812760914,1.3982802612119394,1.329831093326503,0.39953861501165977,1.0000039284326832
gene 48,-0.38906497425698749,-0.45207547196914943,-0.01033446562604512,-1.9563888872310415,-0.84721227997994808,-0.087433140984530477,0.76005721825655514,2.4102567527047936,0.85403777982966322,0.91892102032114753,0.27896985381096606,-0.011996681828279177
gene 48,0.08676729868368091,-0.95285576345663725,-0.91154646251983229,-0.96041984294105698,-0.63350232177235288,0.32846257441096116,1.2510339289002279,1.2600956885065511,1.5751306001339704,1.6552941390131228,0.95200774528856269,-0.62940801116271183
gene 48,0.60128638045848182,-1.1399735868642327,-1.1994784261742997,-1.7724616418369066,-0.24477608782406973,0.86478555843882043,1.3373485485900849,2.4873400942664294,1.0867000526383619,1.7004245271621587,-0.32238275091780066,0.36601717547353096
gene 48,-0.40578127605535069,-0.74144262850957421,-1.4479513345955013,-0.56275261272457444,-1.2898453321917653,1.1309194114854815,1.8218332842152294,1.3115914966021176,1.6743057686825933,0.95712881680071704,-0.28243060785594509,-0.84658511624689603
gene 49,0.92391819066951564,0.50404058579941835,-0.89861216956099699,-0.86938494528799903,-0.25468807953335987,-0.35394956850320147,0.076957619846553915,-0.42175743220625583,0.15916993968320703,-1.4196029119665401,-0.18039316082695411,-0.43752332652409465
gene 49,0.40770600107159438,0.51012098396796435,0.49159342506809789,-0.22897748173704274,0.39082226932216757,0.43231658290888419,0.52806175890716167,0.67326572458373046,-0.69318399210939574,-1.063960197069808,-1.5914768524806604,-0.50525850431343711
gene 49,0.36890121159817924,-0.5861347606043571,0.78981289752705608,-0.10617013374303533,-0.38627698979329822,-0.30013083913381111,0.59529457124134255,0.059331109448776606,-0.21361476007797495,-1.0266301400955222,-1.5079576129926122,-0.24295874197530504
gene 49,0.12947537371571283,0.36218103091532455,-0.073993854851348129,0.038939412739463775,0.18121536654703771,0.78707910291352656,-0.37239638340075781,0.62306704136966362,0.67563554335003662,-0.83331401146233985,-1.5353057993444894,0.0035699884082964622
gene 50,1.0148686144487349,1.0790435608210829,0.017344190026037376,0.40648332042359453,1.2555930795188046,0.55906716078316898,0.054172526993406356,-1.0564208688475543,-1.712903782384338,-1.6020745252044444,-0.55616541253969898,-0.45589294720800283
gene 50,-0.17991735863638258,0.65459167287732178,0.74312327021041047,0.94353361201041264,0.63580941400907909,-0.20804780176051907,0.96272894234518958,-0.58063380394463149,-0.78134501452935679,-0.83153951541823434,-0.90397375539151381,-1.2439286808630925
gene 50,0.88063929126005613,1.1325571519368522,0.6057269852004159,0.45189913435875512,0.39365914904409366,1.9580429294915644,1.6232061919371763,0.42110295495216293,-0.43584541211765715,-1.1729940495431712,-1.0491334538038686,-0.88426258338556507
gene 50,1.1236389233001525,1.4906371141647292,0.53461842308507879,1.1281881351310146,1.1068514511103988,0.47543331195247901,0.6615606049105287,0.019954683311967925,-1.1700386292401324,-1.3470488171363377,0.27393114834110344,-0.74295920231394375
gene 51,1.8050544788743055,1.4371031819574265,1.1009789707819064,0.25251472515671564,0.49213012707057946,0.6398526876860624,-0.26092175975204679,0.30093057173808235,2.2114009939574246,1.6452209570772924,2.1233664646181918,2.3984464675314339
gene 51,1.9876019014272839,1.3760110115473205,0.55209960005864411,-0.018111095038345404,0.35003806797523962,0.13148670060775725,0.42026388519217989,0.97524726944993145,0.87259097654895112,1.8541528305822488,1.3007358855077142,1.8293254691585299
gene 51,1.539387510265311,1.3896531192351365,0.65220443011569262,0.81487156597549337,-0.25578142563979045,0.19956607374746022,0.88926925509540544,1.6589635565882808,1.2554870107173177,2.7912909309945304,2.1752773082340537,1.4807178542074706
gene 51,1.3454431275298628,1.3053939159023895,0.73145938856459447,1.0632103061347418,1.0803055133995056,0.94242439673263156,0.8534062314978027,0.60785148706121328,1.0706118101546758,1.1181930599482295,3.1106399859625462,1.8737078516123422
gene 52,-1.7398846841052746,-1.38493411594823,-1.1499428120609898,-0.87422814422560347,1.3716512202117517,0.94284839373563567,0.34073344804326433,-1.1531165262172272,-0.69571743856476731,-0.80211501470567026,-0.57828070176489643,0.31079807797870168
gene 52,-1.7496646738444595,-1.5027480608982491,-0.51339213998546407,0.53650229372280089,0.99263513190489605,1.8098733814168328,0.33586728769590274,-0.48341182065688082,-1.5541127654239439,-1.0766350422272342,-0.87352362572299946,0.66749287315366213
gene 52,-1.3720245047039383,-1.2459667271858961,-0.92350664384070835,0.26111136025790477,1.662619615107042,0.8460976062826111,0.89761028459822656,0.025298011022108546,-1.2877314463140859,-1.2076429022926194,-0.52903942969393858,-0.058503464684021733
gene 52,-1.9824960353396728,-0.11935402644982362,-1.5461076356007204,0.31916686242728376,1.5510535959967258,0.69752337193260816,0.82212434792440026,-0.34251120208962188,-0.47618587321411132,-1.710640524710775,-1.1400323362554516,0.87779919229254255
gene 53,0.50956792342461543,-0.18364627401541211,-0.5824475911087843,0.19931957716664528,-0.51235402084380877,-0.49121308258918434,-0.27513462749954082,0.19713883819965416,0.90980685893146207,1.2830253877749378,0.47706705301651436,-0.36357041169674009
gene 53,-0.35915103052413844,0.49870393454905543,-0.38334622022221854,-0.63609860802780149,-0.30583843295553159,-0.65839632689037808,-0.13941244938049466,0.18224910217955648,1.6086694211664758,0.76291689020494391,0.37878952573831359,0.0039640617418435775
gene 53,0.66166558684336729,0.83526248074802778,0.34450854623646976,-0.020100134909983913,-0.19003301338766632,0.47177530308896687,-0.33591534425254876,0.15118544061396832,0.049434555995048424,1.1323910920606601,0.98802725961789106,1.0978050127871131
gene 53,0.033943528319209049,0.37687090255518196,0.088365545465848294,0.66698468063110239,-0.69288612938615213,-0.72304694142243409,-0.70514182507196432,1.0186933705552561,2.0073925354231599,1.4370530679861868,0.49615322421447938,-0.081899167513328847
gene 54,-0.29735705616096619,-0.71000403835578563,-2.0892869355393398,-1.3716672212474321,-0.87308507326972706,-1.428672332102332,-0.78467672259199817,-0.56432884621974633,-0.85945164645443684,-1.4142728141043537,-2.9665888275463095,-2.5886207480864845
gene 54,0.23070791738402163,-0.81882492964647857,-0.35308949256915489,-1.2987201152940662,-1.237612450718435,-1.1301200184023106,-0.87721998693342673,0.26589464296023813,-0.76269460835920055,-2.4920864065953232,-2.3800390457249394,-2.366763897364879
gene 54,0.60165189523946072,-0.68276020186370001,-2.1711595365261385,-1.3476700325661342,-1.1234939172830452,-1.4660734149159811,-0.53327414276117535,-0.45920722742163084,-0.17988148473859306,-1.9222465447574415,-3.1445031105584986,-3.2372539380515546
gene 54,-0.33275212187586634,-0.4126199982076113,-0.53114560623437923,-1.0374296199289101,-0.56956619930654129,-1.0717988483648992,-0.9718118393454025,0.41521593864962175,-0.61949532955503128,-1.5168352778635135,-3.25131479362885,-3.3975747592408521
gene 55,-0.57984408291614165,0.33658178674421657,0.22787236153777779,0.026336811651945791,-1.1665680973910364,-0.88712333266624688,-1.2049334888968088,-0.38718595589841687,0.58503254255027981,0.81303284247341523,1.049870066220814,-0.48532739334551267
gene 55,-0.7986675003799848,1.6002990872646694,0.84024307664487186,-0.28353716980130417,-1.0055119145682756,-1.3878559024520163,-0.37149262917541476,-0.8613219064776052,-0.24511927410547268,1.1493789316626641,0.037701415436457331,0.084271002073078416
gene 55,-0.36252179039900351,0.65932316248252332,1.3737710137069739,-0.83466416254275433,-0.55285778257575124,-0.57973294095044836,-0.51833172159601582,-0.0090762054281545712,-0.027587747535888774,0.28451160394974362,0.69724097333101032,-0.21105707479856828
gene 55,0.31105273407879031,0.80231502845850144,0.77116185953415117,0.76710271003394392,0.85677676726732321,-1.1580411905559327,-0.47541611805851475,0.22372810030658802,0.32123589573493921,1.8689021799049206,1.3363735943758075,0.72576985640105729
gene 56,-0.31388407691912401,-0.035440820639952964,-0.064308163815104596,1.4974389320322832,-0.075890558269322561,1.6168254570537297,1.5206730502060211,-0.38240520685727525,-0.15479569266614007,-1.2990273733235644,-1.4352808336174707,-1.7880128044109425
gene 56,-0.27898931079849099,-0.53899021879999631,0.39436290290463538,0.83505417588387909,1.1313597504265676,1.0270478422513389,0.1924852462454123,0.058217567643604223,-0.81447006904987163,0.061502906531666124,-1.3872172844661115,-1.4211070874768483
gene 56,0.56845012854206722,-0.7525866137380739,-0.15376641849589526,0.22858551266180382,0.88456635253728766,0.97449728272666369,1.467273395549644,0.85227809324750714,-0.3147624415858849,-0.79033914101147551,-1.2495950290749955,-1.3072813542123547
gene 56,1.1970084142932278,-0.1398766842165981,0.92035600559286013,0.75381913021710356,1.7878995843529297,1.8385176517995405,1.4336279252525261,0.48893578033730956,-1.4052186217292602,-1.4889894621582296,-1.1714971922007109,-1.3128274363994283
gene 57,-0.70911922988267007,-0.0044340563321134674,0.0017737872428084112,-0.66441811450533073,-0.70631986324491425,-1.4898211852965693,-1.5075162032854132,-0.99655442056635879,-2.7493441285984197,-2.6934940120013078,-0.56256505887311925,-0.41551290929019263
gene 57,-0.3973441624669517,-0.027980697589555903,-0.39800092560341377,-0.52468913700166731,-1.8804737686112405,0.18833636938706688,-1.2371727700409045,-2.2755391231144837,-1.7309195256503096,-2.3985518526669343,-0.8027580804919624,-0.32384329760825747
gene 57,-1.2957323818818243,-0.32921516288110797,0.2181609492121942,-1.2618213708094488,-1.4058498703873488,-0.92531839866845256,-0.74189579290374197,-1.7451537167505455,-1.5841179782474617,-1.3384701761082973,-1.0021922985055367,-0.47779170491563527
gene 57,-0.74378158977796482,-0.16980419824529269,-0.48167200659849635,-0.37099770139589572,-1.6195935541568305,-2.6179565637260169,-0.53719100350554094,-0.86874443940514723,-2.9612254728738634,-2.4163575943739821,-0.6625208928926497,-0.93313084624866471
gene 58,0.050087231664248562,-0.56929037296546592,-0.12466081297380499,-0.072077229294496892,0.62731488516411438,0.8219035901038042,0.46743352944501515,-0.3065574819678929,-1.4065302229000882,-0.16516579190166314,0.12959942599367749,0.009757925715023763
gene 58,-0.78368384399146818,0.049067554967034466,-0.61288028191993549,0.20481556845832133,0.049782459539650881,1.4440883665715822,-0.052227246638409719,0.25556099295850626,-0.10832984254252925,0.42740946980291322,0.27808208206577367,-0.43290588701441479
gene 58,0.2335874378032477,-0.30082743849960847,-0.23301343730878693,0.28623904566505087,0.74401537111188354,0.9547235039801556,0.77825235369916512,0.20225755373198559,0.71183352252772092,1.1530262264978746,0.051062909940824852,-0.11577624379252338
gene 58,-0.02014468456483863,0.19050124336743485,-0.019324433228653626,0.026851451731035259,1.005801259961973,0.31162494696335297,-0.15012806397278244,-0.44595783782264864,-0.089431103729742251,-0.39567063579871531,0.77066968264087743,0.52024547326016735
gene 59,-0.65848416731988491,0.048566870564761666,-2.0179963308044715,-2.3292464195711426,-0.36325799798578207,-0.33309396855484541,0.18628494476861479,0.5011501038187649,1.5372404600780909,-0.3463185554313859,1.0201498882167186,-0.39604676740308187
gene 59,-0.18278357553027585,-0.46609575121015334,-1.2830961475241902,-0.72320546968713084,-0.44175846862455809,0.66133904287630207,0.3737291767615088,0.018213824563009573,-0.27915693799977964,-0.15353161471167626,1.031035821583109,1.123417370077308
gene 59,-0.072537930220640118,-0.8609534587619263,-1.1573866562650024,-1.2318521867882462,-1.4615658410014223,0.30316602110334767,0.31175897958818388,-0.00045722797207492505,-0.20898636302033402,-0.17962984416891609,1.4827280487919989,0.4111100582646342
gene 59,-0.31937181822100819,-0.44779948522922358,-1.1502695036757287,-1.0745497180944126,-0.39848580874065603,0.0017482251091859302,0.84908946781353367,-0.059067864835068706,-0.36413825105159442,0.2372017350844558,0.71360957755299659,0.38731801810413019
gene 60,-1.2242860798216832,-0.73944179960320222,0.875639530900712,2.660768195843862,1.5965470692346488,1.4605720836840219,0.44065558217654799,-0.23440081082727815,-2.0708192636883207,-0.56188144552947861,0.23505812857819985,-0.20163466390039153
gene 60,-0.2814226369409194,-0.53922589155675027,0.24469025286006735,1.0718873265711915,2.1356655105426161,1.2362418752854805,0.69202494666200864,-0.93093159496692157,-1.6034031404824174,-0.81461112318674078,-0.46849652457035007,-0.71745920051511991
gene 60,-0.98672568196401467,-0.27485231017028916,0.73588303430862967,2.1097306859557756,1.1790389123772127,1.2954746988947405,0.17532247979965532,-0.67057466333752935,-0.99676851128817368,-0.64900190320450846,0.57962471619627309,0.91538931831334236
gene 60,-1.0718936725035395,-0.40761748547644239,0.57148773476804138,0.93566001057133763,2.5508922584081595,0.95561679328888094,-0.27968939614232258,-0.85025397040973649,-1.1183313260741026,-0.11536856411248742,1.0777902847974539,0.0013697569066318249
gene 61,1.966871460947988,0.67431039199158138,0.32449408446519007,0.34435929173653718,0.48153842938926994,-0.0095381835965031025,0.1018271603668009,-1.4285943941488566,-0.25818502242298408,0.9852035721082405,0.77482708528104138,-0.63594995228248663
gene 61,2.2155607459610973,0.90314082409653573,0.8843426784965327,0.26728997009875244,0.88466473719410466,0.10183063195100836,-0.14996751502883315,0.38988215567248213,-0.056918155646683483,0.50837478628269772,1.7039645544791813,-0.07349835315904768
gene 61,1.1462433597904449,1.370647271560369,0.95546261141308286,-0.69490242021262871,0.11975514382925972,0.89701254040854739,-0.25834567666375047,-0.080416481424151309,-0.48279173672555797,1.0739498297429644,1.4206360390307684,0.034381696158503103
gene 61,1.2136367160764006,1.2519512131911057,1.3241023263901983,-0.45156906916048567,-0.58007472477627586,-0.018206398635278398,0.60035879874671849,-0.74984398963298204,0.18772824856343948,0.94516213755728118,0.65671091129185433,0.4181046417834825
gene 62,-0.75247920094324106,-1.2409477982232746,-1.6487816791873966,-0.90203418921857403,-0.35659661749665655,-0.032584513311979937,-0.24628672316058037,0.3084940377076093,-1.1325312945736052,-1.4407105095297408,-0.7942943991039475,0.45436109748400783
gene 62,-1.7136898384840888,-1.5909655773978775,-1.3971836055926241,-1.29711745347116,-0.73765613775786953,-0.16674591281513951,-0.41116457842889664,-1.3298064415446329,-0.26475665466857184,0.16811274216403299,0.79600125239666353,1.490821713614767
gene 62,-2.3636306279995827,-1.9347615120679562,-1.8333805265962111,-1.1007279856371011,-0.60099915474446008,-0.28665623608888446,0.71185474309990882,-0.41392856903529429,-0.82889964843387265,-0.6469188574922311,0.54992940681822422,0.65214479468052144
gene 62,-1.6641242685275004,-2.068928991437899,-2.6429236099125655,-0.90636610831359576,-1.8350320960636333,0.05202605750825328,0.39639798911486657,-1.1695385913327621,-0.0068450342245330864,-0.080270223357404524,0.84594425870801981,0.46274919482885052
gene 63,1.7941348973864824,0.83220955336673863,0.20397850284256352,0.42988028354543445,-0.2010032343571434,-0.4246721789261278,-1.4473312092391457,-1.9389545743918384,-1.8208943189622842,-0.32672791598487272,-1.233000887155558,-1.5860570097566755
gene 63,0.13704188237573267,0.66367412673406923,-0.10751302456057343,0.19483136060277567,-0.21429318004543607,-0.48282436609946644,-1.0244621167443124,-1.1355587825425706,-1.7278067143740319,-1.5974614708322332,-1.1192221119310097,-0.26073409039580953
gene 63,1.5476480288709253,1.0232886285919638,0.15574372191961985,0.27865232471760626,-0.49446368702621052,-2.1701349539094421,-0.34660613162049358,-1.9552850191045217,-0.67575867758746777,-1.6382583385986793,-0.99149780596900106,-0.72013771121299364
gene 63,1.9437918355049484,1.2602654881718418,-0.0022568371578713387,-0.2776326651347229,0.61205461323889265,-0.33831107296093166,-0.94940161303744786,-1.5114708253575633,-1.4227209142834398,-0.75605529304465935,0.091885976038078798,-0.83277413661161881
gene 64,0.053178333113911735,-0.98536249785226138,-0.36160255127115815,0.65514989962740122,1.5094033188667286,1.3089414564742345,1.2850181755705246,-0.4767792483268507,-1.583106756236716,-1.714957192833835,-1.9266938718113633,-1.5654863654940077
gene 64,-0.14917162013483842,-0.96293632470881285,-0.084672213627206561,0.047149368959632017,0.15301148630508699,1.7810923184433121,0.047925234736851952,0.13851510694559066,-1.9815017189766411,-2.2306274506555201,-2.3995081320131915,-2.0132313725170032
gene 64,-0.50696640649807545,-0.97869829135486808,-0.21013969229256579,-0.003780364305316794,0.4038084880220425,1.5757253698664877,0.52677802916902206,-0.71088314901933836,-1.8002547499650134,-1.7924058112085945,-2.150646701219415,-1.1239864466296612
gene 64,-0.48108294081651204,-1.2869673247304672,-0.95063036428276004,-1.1114469621732772,1.003657300179283,1.808479958665699,0.50407597105509516,-0.9714306729346146,-1.510394144613727,-2.5090058643697848,-2.143128370770377,-2.1684529678370024
gene 65,-0.82383934463026687,0.4441689311627583,-0.35037267930692845,-0.28112182066476615,0.68362736793233103,-0.058427031056740297,0.0034812636432900168,-1.6767084529589895,-0.039469587404665774,-1.5007061486471187,-0.20189849818604785,0.25683110035864132
gene 65,0.0062181066888715164,-0.066903640870534575,-0.13783026173698421,-0.90971222553394337,-0.51432910577017732,-1.072032545920762,0.30859883093229723,-1.1040853555490295,-0.11360107538292208,-0.1522437043658903,0.030046227530437501,1.6011453099580635
gene 65,-0.75399619779540661,-0.21666825977455961,-0.52086343316285588,0.17842880908063738,-0.53097731598795739,-0.10104775545069533,0.19398597502056841,-0.96626662951042908,-0.77944674558562599,-0.15157204313031042,0.99859286652350299,0.73700107991255381
gene 65,-0.14869476864454612,0.28600474380595831,-0.83808166454116639,0.022554010987545919,1.0952592937164047,1.6198196103105973,-0.66388374295530828,-0.49177896381281128,-1.3482542744374495,-0.46356154902533453,-0.75404228808977469,0.80885513997660308
gene 66,0.6537243941475005,-1.0238252116049427,-0.64220895739546957,-0.17870631283417668,0.54633222530913816,1.2843733512227891,1.2172907362478766,-1.0423069339839581,-1.6467312355859611,-1.0268176355254914,-2.4500414114564868,-1.6175316808226878
gene 66,-0.25589747326519008,-0.55012773111296664,-0.86528105247201803,-0.23644673468221142,0.17715149147987119,1.3515660859533494,1.5619795677994461,-0.82199489333192566,-1.3398718483713206,-2.6082438433065183,-2.3412496716545519,-1.7741429619063469
gene 66,-0.17204316763226019,-0.63652950142655707,-1.1196536315124908,-0.30651882582821016,0.64725314394380695,1.741101276654087,1.2126255493689331,-0.18954594112328144,-1.8924230989559649,-2.3071004591468629,-1.8848759767681231,-1.4655940013500357
gene 66,-0.6306952584620561,-0.82300938378333721,-0.27859904759940457,-0.18035383114715836,0.18035156688137277,2.6010146439142656,0.22538554490181784,-0.39220862709182819,-2.0311125846216789,-2.2292601842111317,-2.6827209974651449,-0.68492589258616721
gene 67,0.74493100986136807,0.22827136505051762,-0.084814480489789817,0.47442676279411589,1.57281392465572,-0.15563797616917208,-0.34855761054963863,-0.087407695499868765,0.65851303153811447,1.318483777530036,0.59830652822150443,0.11471901288644237
gene 67,0.10376681390160164,0.80249202911081696,-0.55400872206872054,0.67686505662647656,1.0352055801975313,0.84729026421171616,-0.16539029681782627,0.36693859305361942,0.43878786256512087,1.4252905692152558,0.90146671494751351,-0.68772801544781803
gene 67,0.57147855240093071,0.16383682993544502,0.51170850389632616,-1.0021787095228096,0.84045466900298949,0.042314697786762001,-0.11440395258576871,-0.17120988137485454,0.72702027457073926,1.1931650517178762,0.97336990583875593,-1.2156158056066619
gene 67,0.38811033635971703,1.0172996113838355,-0.21638392386305999,0.41817651767831393,0.4483800000543306,0.94535209413873533,-0.5798488177744564,0.16789910300595196,1.4959248978064035,-0.26954041599434619,0.4962375873867374,0.046690409571483793
gene 68,-0.054557882666937119,-1.3235123745436765,-0.078962551532649861,0.58824053230161144,0.68487274200255155,-0.77952730806309756,-0.85049299589779592,-1.2487861225302153,-1.1973280691569403,-0.54249997481173673,0.13006629508513456,-1.1004733446417196
gene 68,-1.0542925215657653,-1.4854549561771437,-0.62369412394469048,0.5443486192452891,0.37146470689353478,-0.56478387021243703,-0.83139412398479384,-1.045111756911155,-0.701316705282505,-0.25474776292857393,-1.0582281432445926,-1.7155414429632261
gene 68,-0.82202613764046295,-0.78735074739849176,-0.63474588320169789,0.32408962407069963,-0.22880675406176465,-0.7509917143302709,-0.9689059177506566,-0.31672152736648018,-0.53357796040672112,-0.26857167282933248,-0.67363775469716802,-0.85886260729309494
gene 68,-0.042626161863906109,-0.86895812059275535,-0.25387447689620424,0.42996772487893287,0.35716803952288323,-0.41412375746861235,-1.3823408725256003,-1.0969342792981176,-0.094009244405158121,-1.4664484612831674,-0.78193728349740543,-1.2747328708377696
gene 69,-1.1941488459309391,-1.0127357228161185,0.2120792909861402,1.0132448927260949,0.741951035073803,0.535757620171744,-0.1939733234644046,-1.2777049364450985,-1.2818980836198333,-1.5594256068532724,-0.0037929913284988626,0.18624458834414132
gene 69,-1.5062441814740919,-2.3081143712345566,0.89838007364054406,0.95425837716069206,1.5885038106136955,0.70664687681068639,-1.1240731763361056,-1.8850200526424545,-1.7218186155802253,-1.8177181016319537,-0.40894779659778591,-0.05431273543367459
gene 69,-0.63479843802348168,-1.3653455112346595,-0.40781626443951891,1.1281756895657,0.63302597004880579,0.73337902587578974,-0.79889868315267121,-1.3904570260774671,-2.0009543667182608,-1.8134541095272319,-0.010503007595921821,-0.12577990890601567
gene 69,-1.2994907259911066,-0.68452703934903958,-0.90616381369184607,2.085088468784428,2.0697823930597918,0.49145089434161987,-1.1954774432679922,-1.1324701379476791,-1.9831968921569951,-0.88350523343152731,-0.55835743525989234,-0.69450982452570464
gene 70,0.42205425189451912,0.071430837505578548,2.374221498955146,1.1633421939353243,-0.65007349445028695,1.7200893334457739,0.24732895884485351,0.13508411061045267,-0.24155274961731688,0.7771426867479122,1.1128185347181911,-0.94196179746632924
gene 70,-0.72067381952089193,1.7017215859766583,1.5691611765764721,1.1668348833564037,0.68352046832398528,1.3490044134247321,1.1396587798104254,0.73970418345796263,0.43486717794593355,0.31683268772281842,0.88912821849977508,-0.22509202646933837
gene 70,0.40159679805114334,0.60230285029804287,1.4929688742258136,1.104595869824103,0.45571666594701243,0.98930481816981208,0.30216312794481037,1.0128001222931637,0.91477776566045399,0.64909310352241301,1.0202346587478814,-0.058301371829507051
gene 70,0.47081143945706422,1.4224539514329104,0.9747529816418119,1.3880294137549478,-0.23236683289457827,0.37173820913643119,1.520344976847166,0.50407831671320669,0.26423430229891848,0.46759696991352612,0.065329178012457634,0.69890316267778907
gene 71,-3.2331839839208421,-1.3609283983682332,-2.1683634640745755,-0.99220147608315878,-0.20065580129238852,0.35451670728696549,-1.0890275898214294,-1.5728048973076607,-0.96265198132741447,-1.0740744971332032,0.3952462738909005,-0.49040224160652984
gene 71,-2.4450589703032737,-2.7210309334238603,-2.0880047399531745,-1.0365823640182303,-0.42965637663730544,-0.81357602061225043,-0.36974260715220442,-1.8173444821476932,-1.4120079454311503,-0.3567382469428878,-0.029473388941139045,-0.80527887921581909
gene 71,-1.8557039016773258,-2.3091871212262483,-1.8880374059904175,-0.97176516260528278,-0.74921270333557599,0.16521428255853443,-0.50233907844125891,-2.137438684867158,-1.2594277557355318,-0.96406404980321148,-1.7089608710114068,-0.74181817653225268
gene 71,-2.5986823092322768,-2.335213691335043,-1.7016648651070136,-1.6486327605415823,-0.33009272948174445,-0.53626940181877059,-1.2439015682660057,-1.0521583234610703,-1.5550605328628875,-0.84215664898574483,-0.97496469660033891,-1.2822714586625841
gene 72,-0.13009669667154178,0.71912551008311754,0.61387419523984432,1.099796494937173,0.71409424470151772,0.45613688675020925,1.497181561895174,0.20669570021109113,0.14815811743469554,-0.95351493329715398,-1.0523547188619631,-1.8424329460891908
gene 72,0.28394427530936484,-0.15743725513010848,0.82766839615080445,0.71360994173177661,1.7598616831100244,1.3778491729965532,1.589456114806407,1.2127672170732704,-0.00019163215227202546,-1.1079822809715583,-1.8626603558979304,-1.233904988919863
gene 72,-0.92436949351638398,0.281058552032868,0.72750159256890312,0.58662832664326425,1.4027953483129771,0.43379897117901578,0.24830320039473741,0.7574324379216717,-0.95165825336250542,-1.6641351089961505,-1.5127733711635334,-0.7295633791870374
gene 72,-0.47219869073873577,0.36679274853639843,1.151120073935433,0.82668419196390119,1.3725063172346466,0.62520589978483976,0.94308710948980923,0.65988068845919423,-0.43663009581413514,-1.1128957504488537,-0.87838469319417312,-0.21689848243979926
gene 73,0.55306848123131624,-1.1845176466152143,-1.1984817013200701,-0.39795608709229324,0.49029724822805221,0.63957227191421351,0.90870077246546321,1.8351001763440578,0.76938444836275388,-0.84047089676624642,-1.4173442633249946,-0.85947866805276207
gene 73,0.65980330804939979,-0.64239324023346289,-0.45499175199405406,-2.0264408340644144,-0.22147980443854204,0.76565212649332659,1.616665581989726,2.2208160081696504,-0.55629549112875987,-1.0449818715389878,-1.4512809844867136,-1.2134642059023486
gene 73,1.1659682343515252,-0.1328920644928967,-0.47382190441767358,-1.6118581481359291,-0.58045309433840275,1.0540517979218071,1.4348069153967977,1.26748448914598,0.14037655847822894,0.31092046143973995,-0.74993644026413131,-1.6296739931411479
gene 73,0.91294054434979421,-0.31081045618284242,0.14496914241797509,-1.0318036086769997,0.038392536730456062,1.4956647798891347,1.551645677577324,1.4003026735343509,-0.25878027772068662,-0.6110365838460956,-2.244132919488532,-1.0112113234790852
gene 74,-1.996154481389554,0.081665765852046102,-0.70664507266207666,-1.6412751821875577,-0.74341970411247793,-1.9666413254138702,-2.312788671017092,-0.92082605323371214,-0.58615896125768341,-1.6101926695977928,-2.8858744093015645,-0.80025038330185261
gene 74,-2.0544234879699426,-0.63044043589093424,-1.0169770003133343,-1.4215497386491729,-0.69487201642933794,-1.8788872884435142,-2.2810820916718599,-2.2841773831167114,-0.5142378717300653,-1.8267897304697218,-2.3281325417601431,-1.2981883915171852
gene 74,-0.97699564690228513,-0.70715719800955901,-1.6802508039892419,-1.1430737720996709,-2.1995437456867508,-2.071133040726159,-1.4028987511048312,-0.51180646653170336,-1.2025721004590522,-1.9410699241599771,-1.1609107021774636,-1.9170812503472665
gene 74,-1.9517330719833046,-1.4571898540364996,-1.2023456793725804,-1.9759109814635831,-1.0848754435234536,-1.7176612086003735,-1.4763770022399423,-1.2048058526718322,-1.2986707143241243,-1.3936788849807649,-1.9970225524326852,-1.9601583731797212
